entity,coupled,degree,average-revs
packages/react-server-dom-turbopack/src/client/ReactFlightDOMClientNode.js,packages/react-server-dom-webpack/src/client/ReactFlightDOMClientNode.js,100,11
packages/react-devtools-extensions/chrome/manifest.json,packages/react-devtools-extensions/edge/manifest.json,100,11
packages/react-server-dom-turbopack/src/client/ReactFlightDOMClientBrowser.js,packages/react-server-dom-webpack/src/client/ReactFlightDOMClientBrowser.js,100,9
packages/react-server-dom-esm/src/client/ReactFlightDOMClientBrowser.js,packages/react-server-dom-webpack/src/client/ReactFlightDOMClientBrowser.js,100,9
packages/react-server-dom-esm/src/client/ReactFlightDOMClientBrowser.js,packages/react-server-dom-turbopack/src/client/ReactFlightDOMClientBrowser.js,100,9
packages/react-server-dom-turbopack/src/client/ReactFlightDOMClientEdge.js,packages/react-server-dom-webpack/src/client/ReactFlightDOMClientEdge.js,100,9
packages/react-devtools-timeline/package.json,packages/react-devtools/CHANGELOG.md,100,8
packages/react-devtools-core/package.json,packages/react-devtools-timeline/package.json,100,8
packages/react-devtools-core/package.json,packages/react-devtools/CHANGELOG.md,100,8
packages/react-server-dom-parcel/src/server/ReactFlightDOMServerBrowser.js,packages/react-server-dom-parcel/src/server/ReactFlightDOMServerEdge.js,100,5
packages/react-server-dom-turbopack/src/ReactFlightTurbopackReferences.js,packages/react-server-dom-webpack/src/ReactFlightWebpackReferences.js,100,5
scripts/rollup/validate/eslintrc.cjs.js,scripts/rollup/validate/eslintrc.cjs2015.js,100,5
scripts/rollup/validate/eslintrc.cjs.js,scripts/rollup/validate/eslintrc.esm.js,100,5
scripts/rollup/validate/eslintrc.cjs2015.js,scripts/rollup/validate/eslintrc.esm.js,100,5
packages/react-dom-bindings/src/server/fizz-instruction-set/ReactDOMFizzInstructionSetInlineCodeStrings.js,packages/react-dom-bindings/src/server/fizz-instruction-set/ReactDOMFizzInstructionSetShared.js,97,20
packages/react-server-dom-parcel/src/client/ReactFlightDOMClientNode.js,packages/react-server-dom-turbopack/src/client/ReactFlightDOMClientNode.js,95,12
packages/react-server-dom-parcel/src/client/ReactFlightDOMClientNode.js,packages/react-server-dom-webpack/src/client/ReactFlightDOMClientNode.js,95,12
packages/react-server-dom-esm/src/client/ReactFlightDOMClientNode.js,packages/react-server-dom-webpack/src/client/ReactFlightDOMClientNode.js,95,11
packages/react-server-dom-esm/src/client/ReactFlightDOMClientNode.js,packages/react-server-dom-turbopack/src/client/ReactFlightDOMClientNode.js,95,11
packages/shared/forks/ReactFeatureFlags.native-oss.js,packages/shared/forks/ReactFeatureFlags.test-renderer.js,94,56
packages/react-server-dom-parcel/src/client/ReactFlightDOMClientBrowser.js,packages/react-server-dom-webpack/src/client/ReactFlightDOMClientBrowser.js,94,10
packages/react-server-dom-esm/src/client/ReactFlightDOMClientNode.js,packages/react-server-dom-webpack/src/client/ReactFlightDOMClientEdge.js,94,10
packages/react-server-dom-parcel/src/client/ReactFlightDOMClientEdge.js,packages/react-server-dom-webpack/src/client/ReactFlightDOMClientEdge.js,94,10
packages/react-server-dom-parcel/src/client/ReactFlightDOMClientEdge.js,packages/react-server-dom-turbopack/src/client/ReactFlightDOMClientEdge.js,94,10
packages/react-server-dom-esm/src/client/ReactFlightDOMClientNode.js,packages/react-server-dom-turbopack/src/client/ReactFlightDOMClientEdge.js,94,10
packages/react-server-dom-esm/src/client/ReactFlightDOMClientBrowser.js,packages/react-server-dom-parcel/src/client/ReactFlightDOMClientBrowser.js,94,10
packages/react-server-dom-parcel/src/client/ReactFlightDOMClientBrowser.js,packages/react-server-dom-turbopack/src/client/ReactFlightDOMClientBrowser.js,94,10
packages/react/index.experimental.development.js,packages/react/index.experimental.js,94,10
packages/react-server-dom-parcel/src/server/ReactFlightDOMServerNode.js,packages/react-server-dom-turbopack/src/server/ReactFlightDOMServerNode.js,94,9
packages/react-native-renderer/src/ReactFiberConfigNative.js,packages/react-test-renderer/src/ReactFiberConfigTestHost.js,93,24
packages/react-server-dom-turbopack/src/server/ReactFlightDOMServerNode.js,packages/react-server-dom-webpack/src/server/ReactFlightDOMServerNode.js,93,8
packages/react-server-dom-esm/src/server/ReactFlightDOMServerNode.js,packages/react-server-dom-turbopack/src/server/ReactFlightDOMServerNode.js,93,8
packages/shared/forks/ReactFeatureFlags.native-oss.js,packages/shared/forks/ReactFeatureFlags.test-renderer.www.js,92,57
.github/workflows/compiler_discord_notify.yml,.github/workflows/runtime_discord_notify.yml,92,20
packages/shared/forks/ReactFeatureFlags.test-renderer.js,packages/shared/forks/ReactFeatureFlags.test-renderer.www.js,91,56
packages/shared/forks/ReactFeatureFlags.test-renderer.native-fb.js,packages/shared/forks/ReactFeatureFlags.test-renderer.www.js,91,55
packages/shared/forks/ReactFeatureFlags.test-renderer.www.js,packages/shared/forks/ReactFeatureFlags.www.js,90,59
packages/shared/forks/ReactFeatureFlags.native-fb.js,packages/shared/forks/ReactFeatureFlags.test-renderer.www.js,90,58
packages/eslint-plugin-react-hooks/__tests__/ESLintRulesOfHooks-test.js,packages/eslint-plugin-react-hooks/src/rules/RulesOfHooks.ts,90,11
packages/react-server-dom-parcel/src/client/ReactFlightDOMClientEdge.js,packages/react-server-dom-parcel/src/client/ReactFlightDOMClientNode.js,90,11
packages/react-server-dom-esm/src/client/ReactFlightDOMClientNode.js,packages/react-server-dom-parcel/src/client/ReactFlightDOMClientNode.js,90,11
packages/react-server-dom-esm/src/client/ReactFlightDOMClientNode.js,packages/react-server-dom-parcel/src/client/ReactFlightDOMClientEdge.js,90,10
packages/react-server-dom-parcel/src/client/ReactFlightDOMClientBrowser.js,packages/react-server-dom-parcel/src/client/ReactFlightDOMClientEdge.js,90,10
packages/react-server-dom-turbopack/src/client/ReactFlightDOMClientNode.js,packages/react-server-dom-webpack/src/client/ReactFlightDOMClientEdge.js,90,10
packages/react-devtools-extensions/chrome/manifest.json,packages/react-devtools-extensions/firefox/manifest.json,90,10
packages/react-server-dom-webpack/src/client/ReactFlightDOMClientEdge.js,packages/react-server-dom-webpack/src/client/ReactFlightDOMClientNode.js,90,10
packages/react-devtools-extensions/edge/manifest.json,packages/react-devtools-extensions/firefox/manifest.json,90,10
packages/react-server-dom-turbopack/src/client/ReactFlightDOMClientEdge.js,packages/react-server-dom-webpack/src/client/ReactFlightDOMClientNode.js,90,10
packages/react-server-dom-turbopack/src/client/ReactFlightDOMClientEdge.js,packages/react-server-dom-turbopack/src/client/ReactFlightDOMClientNode.js,90,10
packages/react/src/ReactSharedInternalsClient.js,packages/react/src/ReactTransitionType.js,90,6
packages/react/index.stable.development.js,packages/react/index.stable.js,90,6
packages/shared/forks/ReactFeatureFlags.native-fb.js,packages/shared/forks/ReactFeatureFlags.native-oss.js,89,58
packages/shared/ReactFeatureFlags.js,packages/shared/forks/ReactFeatureFlags.test-renderer.js,89,58
packages/shared/forks/ReactFeatureFlags.native-fb.js,packages/shared/forks/ReactFeatureFlags.test-renderer.native-fb.js,89,56
packages/shared/forks/ReactFeatureFlags.native-oss.js,packages/shared/forks/ReactFeatureFlags.test-renderer.native-fb.js,89,55
packages/shared/ReactFeatureFlags.js,packages/shared/forks/ReactFeatureFlags.native-oss.js,88,59
packages/react-server-dom-esm/src/client/ReactFlightDOMClientBrowser.js,packages/react-server-dom-webpack/src/client/ReactFlightDOMClientEdge.js,88,9
packages/react-server-dom-turbopack/src/client/ReactFlightDOMClientBrowser.js,packages/react-server-dom-webpack/src/client/ReactFlightDOMClientEdge.js,88,9
packages/react-server-dom-esm/src/client/ReactFlightDOMClientBrowser.js,packages/react-server-dom-turbopack/src/client/ReactFlightDOMClientEdge.js,88,9
packages/react-devtools/CHANGELOG.md,packages/react-devtools/package.json,88,9
packages/react-devtools-inline/package.json,packages/react-devtools-timeline/package.json,88,9
packages/react-server-dom-turbopack/src/client/ReactFlightDOMClientEdge.js,packages/react-server-dom-webpack/src/client/ReactFlightDOMClientBrowser.js,88,9
packages/react-devtools-timeline/package.json,packages/react-devtools/package.json,88,9
packages/react-devtools-core/package.json,packages/react-devtools-inline/package.json,88,9
packages/react-server-dom-turbopack/src/client/ReactFlightDOMClientBrowser.js,packages/react-server-dom-turbopack/src/client/ReactFlightDOMClientEdge.js,88,9
packages/react-server-dom-webpack/src/client/ReactFlightDOMClientBrowser.js,packages/react-server-dom-webpack/src/client/ReactFlightDOMClientEdge.js,88,9
packages/react-devtools-core/package.json,packages/react-devtools/package.json,88,9
packages/react-devtools-inline/package.json,packages/react-devtools/CHANGELOG.md,88,9
packages/shared/forks/ReactFeatureFlags.test-renderer.js,packages/shared/forks/ReactFeatureFlags.test-renderer.native-fb.js,87,54
packages/react-server-dom-esm/src/server/ReactFlightDOMServerNode.js,packages/react-server-dom-parcel/src/server/ReactFlightDOMServerNode.js,87,8
packages/react-server-dom-parcel/src/server/ReactFlightDOMServerNode.js,packages/react-server-dom-webpack/src/server/ReactFlightDOMServerNode.js,87,8
packages/shared/forks/ReactFeatureFlags.native-fb.js,packages/shared/forks/ReactFeatureFlags.www.js,86,60
packages/react/index.experimental.development.js,packages/react/src/ReactClient.js,86,12
packages/shared/forks/ReactFeatureFlags.native-fb.js,packages/shared/forks/ReactFeatureFlags.test-renderer.js,85,57
packages/react-server-dom-parcel/src/client/ReactFlightDOMClientNode.js,packages/react-server-dom-webpack/src/client/ReactFlightDOMClientEdge.js,85,11
packages/react-server-dom-parcel/src/client/ReactFlightDOMClientNode.js,packages/react-server-dom-turbopack/src/client/ReactFlightDOMClientEdge.js,85,11
packages/react-server-dom-parcel/src/client/ReactFlightDOMClientEdge.js,packages/react-server-dom-webpack/src/client/ReactFlightDOMClientNode.js,85,11
packages/react-server-dom-parcel/src/client/ReactFlightDOMClientEdge.js,packages/react-server-dom-turbopack/src/client/ReactFlightDOMClientNode.js,85,11
packages/eslint-plugin-react-hooks/__tests__/ESLintRuleExhaustiveDeps-test.js,packages/eslint-plugin-react-hooks/src/rules/ExhaustiveDeps.ts,85,7
packages/react-server-dom-esm/src/server/ReactFlightDOMServerNode.js,packages/react-server-dom-webpack/src/server/ReactFlightDOMServerNode.js,85,7
packages/shared/forks/ReactFeatureFlags.native-oss.js,packages/shared/forks/ReactFeatureFlags.www.js,84,59
packages/shared/forks/ReactFeatureFlags.test-renderer.js,packages/shared/forks/ReactFeatureFlags.www.js,84,58
packages/shared/forks/ReactFeatureFlags.test-renderer.native-fb.js,packages/shared/forks/ReactFeatureFlags.www.js,84,57
packages/react-server-dom-parcel/src/client/ReactFlightDOMClientEdge.js,packages/react-server-dom-turbopack/src/client/ReactFlightDOMClientBrowser.js,84,10
packages/react-server-dom-esm/src/client/ReactFlightDOMClientBrowser.js,packages/react-server-dom-parcel/src/client/ReactFlightDOMClientEdge.js,84,10
packages/react-server-dom-esm/src/client/ReactFlightDOMClientBrowser.js,packages/react-server-dom-esm/src/client/ReactFlightDOMClientNode.js,84,10
packages/react-server-dom-parcel/src/client/ReactFlightDOMClientBrowser.js,packages/react-server-dom-turbopack/src/client/ReactFlightDOMClientEdge.js,84,10
packages/react-server-dom-parcel/src/client/ReactFlightDOMClientBrowser.js,packages/react-server-dom-webpack/src/client/ReactFlightDOMClientEdge.js,84,10
packages/react-server-dom-esm/src/client/ReactFlightDOMClientNode.js,packages/react-server-dom-webpack/src/client/ReactFlightDOMClientBrowser.js,84,10
packages/react-server-dom-parcel/src/client/ReactFlightDOMClientEdge.js,packages/react-server-dom-webpack/src/client/ReactFlightDOMClientBrowser.js,84,10
packages/react-server-dom-esm/src/client/ReactFlightDOMClientNode.js,packages/react-server-dom-turbopack/src/client/ReactFlightDOMClientBrowser.js,84,10
packages/shared/ReactFeatureFlags.js,packages/shared/forks/ReactFeatureFlags.test-renderer.www.js,83,59
packages/react/src/ReactSharedInternalsClient.js,packages/react/src/ReactStartTransition.js,83,6
packages/react-devtools-extensions/firefox/manifest.json,packages/react-devtools/CHANGELOG.md,82,9
packages/react-devtools-core/package.json,packages/react-devtools-extensions/firefox/manifest.json,82,9
packages/react-devtools-extensions/firefox/manifest.json,packages/react-devtools-timeline/package.json,82,9
packages/react-art/src/ReactFiberConfigART.js,packages/react-test-renderer/src/ReactFiberConfigTestHost.js,81,19
packages/react/index.experimental.js,packages/react/src/ReactClient.js,81,11
packages/react-server-dom-parcel/src/client/ReactFlightDOMClientBrowser.js,packages/react-server-dom-parcel/src/client/ReactFlightDOMClientNode.js,81,11
packages/shared/ReactFeatureFlags.js,packages/shared/forks/ReactFeatureFlags.native-fb.js,80,60
packages/react-dom-bindings/src/server/ReactFizzConfigDOMLegacy.js,packages/react-markup/src/ReactFizzConfigMarkup.js,80,13
packages/react-server-dom-turbopack/src/client/ReactFlightDOMClientBrowser.js,packages/react-server-dom-turbopack/src/client/ReactFlightDOMClientNode.js,80,10
packages/react-server-dom-esm/src/client/ReactFlightDOMClientBrowser.js,packages/react-server-dom-webpack/src/client/ReactFlightDOMClientNode.js,80,10
packages/react-server-dom-webpack/src/client/ReactFlightDOMClientBrowser.js,packages/react-server-dom-webpack/src/client/ReactFlightDOMClientNode.js,80,10
packages/react-server-dom-turbopack/src/client/ReactFlightDOMClientNode.js,packages/react-server-dom-webpack/src/client/ReactFlightDOMClientBrowser.js,80,10
packages/react-server-dom-esm/src/client/ReactFlightDOMClientBrowser.js,packages/react-server-dom-turbopack/src/client/ReactFlightDOMClientNode.js,80,10
packages/react-server-dom-turbopack/src/client/ReactFlightDOMClientBrowser.js,packages/react-server-dom-webpack/src/client/ReactFlightDOMClientNode.js,80,10
packages/react-server-dom-esm/src/client/ReactFlightDOMClientNode.js,packages/react-server-dom-parcel/src/client/ReactFlightDOMClientBrowser.js,80,10
packages/react-devtools-inline/package.json,packages/react-devtools/package.json,80,10
packages/react/src/ReactServer.experimental.development.js,packages/react/src/ReactServer.experimental.js,80,8
packages/shared/ReactFeatureFlags.js,packages/shared/forks/ReactFeatureFlags.test-renderer.native-fb.js,78,57
packages/shared/ReactFeatureFlags.js,packages/shared/forks/ReactFeatureFlags.www.js,77,61
packages/react-noop-renderer/src/createReactNoop.js,packages/react-test-renderer/src/ReactFiberConfigTestHost.js,77,25
packages/react-art/src/ReactFiberConfigART.js,packages/react-reconciler/src/forks/ReactFiberConfig.custom.js,76,17
compiler/apps/playground/package.json,compiler/apps/playground/yarn.lock,76,13
packages/react-server-dom-parcel/src/client/ReactFlightDOMClientNode.js,packages/react-server-dom-webpack/src/client/ReactFlightDOMClientBrowser.js,76,11
packages/react-server-dom-esm/src/client/ReactFlightDOMClientBrowser.js,packages/react-server-dom-parcel/src/client/ReactFlightDOMClientNode.js,76,11
packages/react-server-dom-parcel/src/client/ReactFlightDOMClientBrowser.js,packages/react-server-dom-turbopack/src/client/ReactFlightDOMClientNode.js,76,11
packages/react-server-dom-parcel/src/client/ReactFlightDOMClientBrowser.js,packages/react-server-dom-webpack/src/client/ReactFlightDOMClientNode.js,76,11
packages/react-server-dom-parcel/src/client/ReactFlightDOMClientNode.js,packages/react-server-dom-turbopack/src/client/ReactFlightDOMClientBrowser.js,76,11
packages/react/index.development.js,packages/react/index.fb.js,76,7
packages/react/index.js,packages/react/index.stable.js,76,7
packages/react-art/src/ReactFiberConfigART.js,packages/react-native-renderer/src/ReactFiberConfigNative.js,75,20
packages/react-native-renderer/src/ReactFiberConfigNative.js,packages/react-noop-renderer/src/createReactNoop.js,73,26
packages/react-devtools-extensions/chrome/manifest.json,packages/react-devtools/CHANGELOG.md,73,10
packages/react-devtools-extensions/chrome/manifest.json,packages/react-devtools-timeline/package.json,73,10
packages/react-devtools-core/package.json,packages/react-devtools-extensions/edge/manifest.json,73,10
packages/react-devtools-extensions/edge/manifest.json,packages/react-devtools/CHANGELOG.md,73,10
packages/react-devtools-extensions/firefox/manifest.json,packages/react-devtools/package.json,73,10
packages/react-devtools-core/package.json,packages/react-devtools-extensions/chrome/manifest.json,73,10
packages/react-devtools-extensions/edge/manifest.json,packages/react-devtools-timeline/package.json,73,10
packages/react-devtools-extensions/firefox/manifest.json,packages/react-devtools-inline/package.json,73,10
packages/react-server/src/ReactFlightAsyncSequence.js,packages/react-server/src/ReactFlightServerConfigDebugNode.js,72,13
packages/react-art/src/ReactFiberConfigART.js,packages/react-noop-renderer/src/createReactNoop.js,71,21
packages/react-server-dom-parcel/src/server/ReactFlightDOMServerBrowser.js,packages/react-server-dom-parcel/src/server/ReactFlightDOMServerNode.js,71,7
packages/react-server-dom-parcel/src/server/ReactFlightDOMServerEdge.js,packages/react-server-dom-parcel/src/server/ReactFlightDOMServerNode.js,71,7
packages/react/index.development.js,packages/react/index.js,71,7
packages/react/index.js,packages/react/index.stable.development.js,71,7
compiler/apps/playground/components/AccordionWindow.tsx,compiler/apps/playground/components/TabbedWindow.tsx,71,7
packages/shared/forks/ReactFeatureFlags.www-dynamic.js,packages/shared/forks/ReactFeatureFlags.www.js,70,49
packages/react-devtools-shared/src/backend/types.js,packages/react-devtools-shared/src/backendAPI.js,70,17
.github/workflows/compiler_typescript.yml,.github/workflows/devtools_regression_tests.yml,70,10
.github/workflows/runtime_eslint_plugin_e2e.yml,.github/workflows/shared_lint.yml,69,12
packages/react-dom-bindings/src/server/ReactFizzConfigDOM.js,packages/react-markup/src/ReactFizzConfigMarkup.js,68,19
.github/workflows/compiler_discord_notify.yml,.github/workflows/shared_label_core_team_prs.yml,66,17
packages/react-devtools-shared/src/backend/legacy/renderer.js,packages/react-devtools-shared/src/backendAPI.js,66,14
compiler/packages/babel-plugin-react-compiler/src/HIR/Globals.ts,compiler/packages/babel-plugin-react-compiler/src/HIR/ObjectShape.ts,66,14
packages/react-markup/src/ReactFizzConfigMarkup.js,packages/react-noop-renderer/src/ReactNoopServer.js,66,12
packages/react-art/src/ReactFiberConfigART.js,packages/react-reconciler/src/ReactFiberConfigWithNoMutation.js,66,12
packages/react-devtools-extensions/edge/manifest.json,packages/react-devtools-inline/package.json,66,11
packages/react-devtools-extensions/chrome/manifest.json,packages/react-devtools-inline/package.json,66,11
.github/workflows/compiler_playground.yml,.github/workflows/devtools_regression_tests.yml,66,11
compiler/apps/playground/components/AccordionWindow.tsx,compiler/apps/playground/components/Editor/Output.tsx,66,11
packages/react-devtools-extensions/edge/manifest.json,packages/react-devtools/package.json,66,11
packages/react-devtools-extensions/chrome/manifest.json,packages/react-devtools/package.json,66,11
.github/workflows/compiler_typescript.yml,.github/workflows/shared_lint.yml,66,9
compiler/packages/babel-plugin-react-compiler/package.json,compiler/packages/eslint-plugin-react-compiler/package.json,66,8
compiler/packages/babel-plugin-react-compiler/package.json,compiler/packages/snap/package.json,66,8
packages/react-devtools-shared/src/backend/legacy/renderer.js,packages/react-devtools-shared/src/backend/types.js,64,19
.github/workflows/runtime_discord_notify.yml,.github/workflows/shared_label_core_team_prs.yml,64,17
packages/react-devtools-shared/src/devtools/views/Profiler/CommitTreeBuilder.js,packages/react-devtools-shared/src/utils.js,64,17
.github/workflows/runtime_releases_from_npm_manual.yml,.github/workflows/shared_lint.yml,64,13
.github/workflows/devtools_regression_tests.yml,.github/workflows/runtime_eslint_plugin_e2e.yml,64,13
packages/react-reconciler/src/forks/ReactFiberConfig.custom.js,packages/react-test-renderer/src/ReactFiberConfigTestHost.js,63,21
.github/workflows/compiler_prereleases.yml,.github/workflows/shared_lint.yml,63,10
.github/workflows/compiler_playground.yml,.github/workflows/shared_lint.yml,63,10
.github/workflows/compiler_playground.yml,.github/workflows/compiler_typescript.yml,63,10
.github/workflows/compiler_prereleases.yml,.github/workflows/compiler_typescript.yml,63,10
packages/shared/forks/ReactFeatureFlags.native-fb-dynamic.js,packages/shared/forks/ReactFeatureFlags.native-fb.js,62,43
packages/react-markup/src/ReactMarkupServer.js,packages/react-server-dom-esm/src/client/ReactFlightDOMClientBrowser.js,62,8
packages/react-noop-renderer/src/ReactNoopServer.js,packages/react-server/src/forks/ReactFizzConfig.custom.js,62,8
packages/react/index.development.js,packages/react/index.experimental.development.js,62,8
packages/react-markup/src/ReactMarkupServer.js,packages/react-server-dom-webpack/src/client/ReactFlightDOMClientBrowser.js,62,8
packages/react-markup/src/ReactMarkupServer.js,packages/react-server-dom-turbopack/src/client/ReactFlightDOMClientBrowser.js,62,8
packages/react-devtools-shared/src/backendAPI.js,packages/react-devtools-shared/src/frontend/types.js,61,18
.github/workflows/runtime_prereleases.yml,.github/workflows/shared_lint.yml,61,13
package.json,yarn.lock,60,35
.github/workflows/runtime_prereleases.yml,.github/workflows/runtime_releases_from_npm_manual.yml,60,17
.github/workflows/runtime_eslint_plugin_e2e.yml,.github/workflows/runtime_releases_from_npm_manual.yml,60,15
.github/workflows/compiler_typescript.yml,.github/workflows/runtime_eslint_plugin_e2e.yml,60,12
packages/react-dom-bindings/src/server/ReactFizzConfigDOMLegacy.js,packages/react-noop-renderer/src/ReactNoopServer.js,60,12
.github/workflows/compiler_playground.yml,.github/workflows/compiler_prereleases.yml,60,10
.github/workflows/devtools_regression_tests.yml,.github/workflows/shared_lint.yml,60,10
packages/react-native-renderer/src/ReactFiberConfigNative.js,packages/react-reconciler/src/forks/ReactFiberConfig.custom.js,59,22
packages/react-dom-bindings/src/server/ReactFizzConfigDOM.js,packages/react-dom-bindings/src/server/ReactFizzConfigDOMLegacy.js,59,19
packages/react-devtools-shared/src/backend/agent.js,packages/react-devtools-shared/src/bridge.js,59,14
packages/shared/forks/ReactFeatureFlags.test-renderer.www.js,packages/shared/forks/ReactFeatureFlags.www-dynamic.js,58,46
packages/react-reconciler/src/ReactFiberRoot.js,packages/react-reconciler/src/ReactInternalTypes.js,58,16
.github/workflows/runtime_eslint_plugin_e2e.yml,.github/workflows/runtime_prereleases.yml,58,16
packages/react-dom-bindings/src/server/ReactFizzConfigDOMLegacy.js,packages/react-server/src/forks/ReactFizzConfig.custom.js,58,9
packages/react/index.experimental.js,packages/react/index.js,58,9
packages/react-markup/src/ReactMarkupServer.js,packages/react-server-dom-parcel/src/client/ReactFlightDOMClientBrowser.js,58,9
packages/react/index.experimental.js,packages/react/src/ReactServer.experimental.js,58,9
packages/react/index.experimental.development.js,packages/react/index.fb.js,58,9
packages/react-devtools-shared/src/devtools/views/SuspenseTab/SuspenseRects.css,packages/react-devtools-shared/src/devtools/views/SuspenseTab/SuspenseRects.js,57,19
packages/react-reconciler/src/ReactFiberConfigWithNoMutation.js,packages/react-reconciler/src/forks/ReactFiberConfig.custom.js,57,14
.github/workflows/compiler_prereleases.yml,.github/workflows/devtools_regression_tests.yml,57,11
packages/shared/forks/ReactFeatureFlags.native-fb.js,packages/shared/forks/ReactFeatureFlags.www-dynamic.js,56,48
packages/react-devtools-shared/src/backend/types.js,packages/react-devtools-shared/src/frontend/types.js,56,23
packages/react-noop-renderer/src/createReactNoop.js,packages/react-reconciler/src/forks/ReactFiberConfig.custom.js,56,23
packages/react-devtools-shared/src/devtools/views/SuspenseTab/SuspenseTab.css,packages/react-devtools-shared/src/devtools/views/SuspenseTab/SuspenseTab.js,56,20
packages/react-markup/src/ReactFizzConfigMarkup.js,packages/react-server/src/forks/ReactFizzConfig.custom.js,55,9
packages/react-debug-tools/src/ReactDebugHooks.js,packages/react/src/ReactHooks.js,55,9
packages/react/index.experimental.development.js,packages/react/src/ReactServer.experimental.js,55,9
packages/react/index.experimental.development.js,packages/react/index.js,55,9
compiler/apps/playground/next-env.d.ts,compiler/apps/playground/yarn.lock,55,9
packages/shared/forks/ReactFeatureFlags.native-fb-dynamic.js,packages/shared/forks/ReactFeatureFlags.www.js,54,44
compiler/apps/playground/components/Editor/ConfigEditor.tsx,compiler/apps/playground/components/Editor/EditorImpl.tsx,54,17
compiler/apps/playground/components/Editor/ConfigEditor.tsx,compiler/apps/playground/components/Editor/Input.tsx,54,11
packages/shared/forks/ReactFeatureFlags.native-oss.js,packages/shared/forks/ReactFeatureFlags.www-dynamic.js,53,47
packages/shared/forks/ReactFeatureFlags.native-fb-dynamic.js,packages/shared/forks/ReactFeatureFlags.test-renderer.www.js,53,42
packages/shared/forks/ReactFeatureFlags.test-renderer.js,packages/shared/forks/ReactFeatureFlags.www-dynamic.js,52,46
packages/shared/forks/ReactFeatureFlags.native-fb-dynamic.js,packages/shared/forks/ReactFeatureFlags.native-oss.js,52,42
packages/shared/forks/ReactFeatureFlags.native-fb-dynamic.js,packages/shared/forks/ReactFeatureFlags.test-renderer.native-fb.js,52,40
compiler/apps/playground/components/Editor/Input.tsx,compiler/apps/playground/components/Editor/Output.tsx,52,12
packages/react/index.development.js,packages/react/src/ReactClient.js,52,10
packages/shared/forks/ReactFeatureFlags.test-renderer.native-fb.js,packages/shared/forks/ReactFeatureFlags.www-dynamic.js,51,45
packages/shared/forks/ReactFeatureFlags.native-fb-dynamic.js,packages/shared/forks/ReactFeatureFlags.test-renderer.js,51,41
packages/react-devtools-shared/src/backend/legacy/renderer.js,packages/react-devtools-shared/src/frontend/types.js,51,20
packages/react-reconciler/src/ReactFiberConfigWithNoMutation.js,packages/react-test-renderer/src/ReactFiberConfigTestHost.js,51,16
compiler/package.json,compiler/yarn.lock,51,16
.github/workflows/devtools_regression_tests.yml,.github/workflows/runtime_releases_from_npm_manual.yml,51,14
compiler/packages/babel-plugin-react-compiler/src/Entrypoint/Pipeline.ts,compiler/packages/babel-plugin-react-compiler/src/HIR/Environment.ts,50,34
packages/shared/forks/ReactFeatureFlags.native-fb-dynamic.js,packages/shared/forks/ReactFeatureFlags.www-dynamic.js,50,32
packages/react-noop-renderer/src/createReactNoop.js,packages/react-reconciler/src/ReactFiberConfigWithNoMutation.js,50,18
.github/workflows/devtools_regression_tests.yml,.github/workflows/runtime_prereleases.yml,50,14
.github/workflows/compiler_prereleases.yml,.github/workflows/runtime_eslint_plugin_e2e.yml,50,12
.github/workflows/compiler_playground.yml,.github/workflows/runtime_eslint_plugin_e2e.yml,50,12
packages/react/index.fb.js,packages/react/src/ReactClient.js,50,10
compiler/apps/playground/next-env.d.ts,compiler/apps/playground/package.json,50,10
packages/react-art/src/ReactFiberConfigART.js,packages/react-reconciler/src/__tests__/ReactFiberHostContext-test.internal.js,50,10
compiler/apps/playground/components/Editor/ConfigEditor.tsx,compiler/apps/playground/lib/defaultStore.ts,50,10
compiler/apps/playground/components/Editor/EditorImpl.tsx,compiler/apps/playground/components/Editor/Input.tsx,48,15
compiler/packages/babel-plugin-react-compiler/src/Inference/DropManualMemoization.ts,compiler/packages/babel-plugin-react-compiler/src/Validation/ValidateExhaustiveDependencies.ts,48,15
packages/react-reconciler/src/ReactFiberCommitHostEffects.js,packages/react-reconciler/src/forks/ReactFiberConfig.custom.js,48,15
.github/workflows/compiler_typescript.yml,.github/workflows/runtime_releases_from_npm_manual.yml,48,13
packages/shared/ReactFeatureFlags.js,packages/shared/forks/ReactFeatureFlags.www-dynamic.js,47,49
packages/shared/ReactFeatureFlags.js,packages/shared/forks/ReactFeatureFlags.native-fb-dynamic.js,47,44
packages/react-native-renderer/src/ReactFiberConfigNative.js,packages/react-reconciler/src/ReactFiberConfigWithNoMutation.js,47,17
packages/react-reconciler/src/ReactFiberApplyGesture.js,packages/react-reconciler/src/ReactFiberCommitViewTransitions.js,47,17
packages/react-devtools-shared/src/constants.js,packages/react-devtools-shared/src/devtools/views/Profiler/CommitTreeBuilder.js,47,11
packages/react/src/ReactClient.js,packages/react/src/ReactServer.experimental.js,47,11
packages/react/index.js,packages/react/src/ReactClient.js,47,11
compiler/apps/playground/components/Editor/Output.tsx,compiler/apps/playground/components/TabbedWindow.tsx,47,11
compiler/packages/babel-plugin-react-compiler/src/Validation/ValidateExhaustiveDependencies.ts,compiler/packages/babel-plugin-react-compiler/src/__tests__/fixtures/compiler/error.invalid-exhaustive-deps.expect.md,47,11
packages/react-devtools-shared/src/devtools/store.js,packages/react-devtools-shared/src/devtools/views/Profiler/CommitTreeBuilder.js,46,24
compiler/packages/babel-plugin-react-compiler/package.json,compiler/yarn.lock,46,15
packages/react-devtools-shared/src/devtools/views/Components/InspectedElementSharedStyles.css,packages/react-devtools-shared/src/devtools/views/Components/InspectedElementSuspendedBy.js,46,15
.github/workflows/compiler_playground.yml,.github/workflows/runtime_releases_from_npm_manual.yml,46,13
.github/workflows/compiler_typescript.yml,.github/workflows/runtime_prereleases.yml,46,13
.github/workflows/compiler_prereleases.yml,.github/workflows/runtime_releases_from_npm_manual.yml,46,13
scripts/rollup/bundles.js,scripts/shared/inlinedHostConfigs.js,46,13
packages/react-devtools-shared/src/devtools/views/SuspenseTab/SuspenseTab.css,packages/react-devtools-shared/src/devtools/views/SuspenseTab/SuspenseTimeline.css,45,11
packages/react-devtools-shared/src/backendAPI.js,packages/react-devtools-shared/src/devtools/views/Components/InspectedElementView.js,45,11
packages/react-devtools-shared/src/devtools/views/SuspenseTab/SuspenseTimeline.js,packages/react-devtools-shared/src/devtools/views/SuspenseTab/SuspenseTreeContext.js,44,18
packages/react-dom-bindings/src/server/ReactFizzConfigDOM.js,packages/react-noop-renderer/src/ReactNoopServer.js,44,18
.github/workflows/compiler_playground.yml,.github/workflows/runtime_prereleases.yml,44,14
.github/workflows/compiler_prereleases.yml,.github/workflows/runtime_prereleases.yml,44,14
packages/react-reconciler/src/ReactFiberHooks.js,packages/react-reconciler/src/ReactInternalTypes.js,43,26
packages/react-server-dom-webpack/src/__tests__/ReactFlightDOMEdge-test.js,packages/react-server-dom-webpack/src/__tests__/ReactFlightDOMNode-test.js,43,21
packages/react-devtools-shared/src/devtools/store.js,packages/react-devtools-shared/src/utils.js,42,29
packages/react-dom/src/__tests__/ReactDOMFizzServer-test.js,packages/react-dom/src/__tests__/ReactDOMFloat-test.js,42,26
packages/react-reconciler/src/ReactFiberPerformanceTrack.js,packages/react-reconciler/src/ReactProfilerTimer.js,42,21
packages/react-dom/src/__tests__/ReactDOMFragmentRefs-test.js,packages/react-reconciler/src/ReactFiberTreeReflection.js,42,17
fixtures/dom/src/components/fixtures/fragment-refs/index.js,packages/react-dom/src/__tests__/ReactDOMFragmentRefs-test.js,42,14
packages/react-reconciler/src/ReactFiber.js,packages/react-reconciler/src/ReactFiberCompleteWork.js,41,17
compiler/apps/playground/components/Editor/EditorImpl.tsx,compiler/apps/playground/components/Editor/Output.tsx,41,17
compiler/packages/eslint-plugin-react-compiler/package.json,compiler/yarn.lock,41,15
compiler/packages/snap/package.json,compiler/yarn.lock,41,15
packages/react-reconciler/src/ReactInternalTypes.js,packages/react-server/src/ReactFizzHooks.js,41,15
packages/react-reconciler/src/ReactInternalTypes.js,packages/react/src/ReactHooks.js,41,15
compiler/packages/react-mcp-server/package.json,compiler/yarn.lock,41,15
packages/react-reconciler/src/ReactFiberConfigWithNoHydration.js,packages/react-reconciler/src/forks/ReactFiberConfig.custom.js,41,12
packages/react-devtools-shared/src/devtools/views/Components/InspectedElement.js,packages/react-devtools-shared/src/devtools/views/Components/InspectedElementView.js,41,12
packages/react-client/src/ReactFlightClient.js,packages/react-server/src/ReactFlightServer.js,40,81
packages/react-reconciler/src/ReactFiberBeginWork.js,packages/react-reconciler/src/ReactFiberCompleteWork.js,40,32
packages/react-devtools-extensions/src/main/index.js,packages/react-devtools-shared/src/devtools/views/DevTools.js,40,15
packages/react-devtools-shared/src/frontend/types.js,packages/react-devtools-shared/src/utils.js,39,23
packages/react-server-dom-webpack/src/__tests__/ReactFlightDOMBrowser-test.js,packages/react-server-dom-webpack/src/__tests__/ReactFlightDOMEdge-test.js,39,21
packages/react-server/src/ReactFlightServer.js,packages/react-server/src/__tests__/ReactFlightAsyncDebugInfo-test.js,38,60
packages/react-dom-bindings/src/client/ReactFiberConfigDOM.js,packages/react-test-renderer/src/ReactFiberConfigTestHost.js,38,58
packages/react-client/src/ReactFlightClient.js,packages/react-client/src/__tests__/ReactFlight-test.js,38,55
packages/react-dom/src/__tests__/ReactDOMFizzServer-test.js,packages/react-server/src/ReactFizzServer.js,38,50
packages/react-reconciler/src/ReactFiberWorkLoop.js,packages/react-test-renderer/src/ReactFiberConfigTestHost.js,38,44
.github/workflows/devtools_regression_tests.yml,.github/workflows/runtime_build_and_test.yml,38,26
packages/react-server/src/ReactFlightServerConfigDebugNode.js,packages/react-server/src/__tests__/ReactFlightAsyncDebugInfo-test.js,38,24
packages/react-server-dom-webpack/src/__tests__/ReactFlightDOMBrowser-test.js,packages/react-server-dom-webpack/src/__tests__/ReactFlightDOMNode-test.js,38,18
compiler/packages/babel-plugin-react-compiler/src/Entrypoint/Options.ts,compiler/packages/babel-plugin-react-compiler/src/Entrypoint/Program.ts,38,18
packages/react-devtools-shared/src/devtools/views/Profiler/CommitTreeBuilder.js,packages/react-devtools-shared/src/frontend/types.js,38,18
packages/react-devtools-shared/src/constants.js,packages/react-devtools-shared/src/utils.js,38,16
packages/react-server-dom-webpack/src/__tests__/ReactFlightDOM-test.js,packages/react-server-dom-webpack/src/__tests__/ReactFlightDOMBrowser-test.js,38,16
packages/react-devtools-shared/src/devtools/views/SuspenseTab/SuspenseTimeline.css,packages/react-devtools-shared/src/devtools/views/SuspenseTab/SuspenseTimeline.js,38,16
packages/react-dom-bindings/src/client/ReactFiberConfigDOM.js,packages/react-native-renderer/src/ReactFiberConfigNative.js,37,59
packages/react-native-renderer/src/ReactFiberConfigNative.js,packages/react-reconciler/src/ReactFiberWorkLoop.js,37,46
packages/react-devtools-shared/src/devtools/store.js,packages/react-devtools-shared/src/frontend/types.js,37,30
compiler/packages/babel-plugin-react-compiler/src/Entrypoint/Imports.ts,compiler/packages/babel-plugin-react-compiler/src/Entrypoint/Program.ts,37,14
compiler/apps/playground/components/Editor/EditorImpl.tsx,compiler/apps/playground/components/TabbedWindow.tsx,37,14
packages/react-reconciler/src/__tests__/ReactFiberHostContext-test.internal.js,packages/react-test-renderer/src/ReactFiberConfigTestHost.js,37,14
packages/react-reconciler/src/ReactFiberLane.js,packages/react-reconciler/src/ReactFiberRootScheduler.js,37,14
packages/react-dom/src/__tests__/ReactDOMFizzStaticBrowser-test.js,packages/react-server-dom-webpack/src/__tests__/ReactFlightDOM-test.js,37,14
.github/workflows/runtime_build_and_test.yml,.github/workflows/runtime_eslint_plugin_e2e.yml,36,28
packages/react-dom-bindings/src/server/ReactFizzConfigDOM.js,packages/react-dom/src/__tests__/ReactDOMFloat-test.js,36,22
packages/react-devtools-shared/src/devtools/views/SuspenseTab/SuspenseRects.js,packages/react-devtools-shared/src/devtools/views/SuspenseTab/SuspenseTreeContext.js,36,19
packages/react-dom/src/__tests__/ReactDOMFizzStaticBrowser-test.js,packages/react-dom/src/__tests__/ReactDOMFloat-test.js,36,17
packages/react-devtools-shared/src/constants.js,packages/react-devtools-shared/src/frontend/types.js,36,17
compiler/packages/babel-plugin-react-compiler/src/HIR/BuildHIR.ts,compiler/packages/babel-plugin-react-compiler/src/ReactiveScopes/CodegenReactiveFunction.ts,35,23
packages/react-server/src/ReactFlightAsyncSequence.js,packages/react-server/src/__tests__/ReactFlightAsyncDebugInfo-test.js,35,20
packages/react-reconciler/src/ReactFiberGestureScheduler.js,packages/react-reconciler/src/ReactFiberHooks.js,35,20
.github/workflows/devtools_regression_tests.yml,.github/workflows/runtime_commit_artifacts.yml,35,17
packages/react-devtools-shared/src/backendAPI.js,packages/react-devtools-shared/src/devtools/views/Components/InspectedElementSuspendedBy.js,35,17
packages/react-devtools-shared/src/__tests__/store-test.js,packages/react-devtools-shared/src/backend/fiber/renderer.js,34,67
packages/react-dom-bindings/src/server/ReactFizzConfigDOM.js,packages/react-dom/src/__tests__/ReactDOMFizzServer-test.js,34,29
fixtures/view-transition/src/components/Page.js,packages/react-test-renderer/src/ReactFiberConfigTestHost.js,34,29
packages/eslint-plugin-react-hooks/package.json,yarn.lock,34,26
scripts/rollup/build.js,scripts/rollup/bundles.js,34,15
packages/react-devtools-shared/src/backend/fiber/renderer.js,packages/react-devtools-shared/src/frontend/types.js,33,64
packages/react-dom-bindings/src/client/ReactFiberConfigDOM.js,packages/react-noop-renderer/src/createReactNoop.js,33,60
packages/react-dom-bindings/src/client/ReactFiberConfigDOM.js,packages/react-reconciler/src/forks/ReactFiberConfig.custom.js,33,56
compiler/packages/babel-plugin-react-compiler/src/HIR/HIR.ts,compiler/packages/babel-plugin-react-compiler/src/HIR/PrintHIR.ts,33,21
packages/react-reconciler/src/ReactFiberHooks.js,packages/react/src/ReactHooks.js,33,18
packages/react-native-renderer/src/ReactFiberConfigNative.js,packages/react-reconciler/src/__tests__/ReactFiberHostContext-test.internal.js,33,15
compiler/packages/babel-plugin-react-compiler/src/HIR/BuildHIR.ts,compiler/packages/babel-plugin-react-compiler/src/HIR/HIRBuilder.ts,33,15
packages/react-dom-bindings/src/server/ReactFizzConfigDOM.js,packages/react-server/src/forks/ReactFizzConfig.custom.js,33,15
packages/react-devtools-shared/src/backend/fiber/renderer.js,packages/react-devtools-shared/src/backend/types.js,32,63
packages/react-noop-renderer/src/createReactNoop.js,packages/react-reconciler/src/ReactFiberWorkLoop.js,32,47
packages/react-markup/src/ReactFizzConfigMarkup.js,packages/react-server/src/ReactFizzServer.js,32,40
fixtures/view-transition/src/components/Page.js,packages/react-native-renderer/src/ReactFiberConfigNative.js,32,31
packages/react-native-renderer/src/ReactFiberConfigFabric.js,packages/react-native-renderer/src/ReactFiberConfigNative.js,32,28
.github/workflows/runtime_build_and_test.yml,.github/workflows/shared_lint.yml,32,25
packages/react-devtools-shared/src/__tests__/store-test.js,packages/react-devtools-shared/src/__tests__/storeComponentFilters-test.js,32,22
packages/react-devtools-extensions/src/main/index.js,packages/react-devtools-shared/src/bridge.js,32,19
compiler/apps/playground/components/Editor/EditorImpl.tsx,compiler/packages/babel-plugin-react-compiler/src/Utils/TestUtils.ts,32,16
fixtures/view-transition/src/components/Page.js,packages/react-noop-renderer/src/createReactNoop.js,31,32
fixtures/view-transition/src/components/Page.js,packages/react-art/src/ReactFiberConfigART.js,31,26
.github/workflows/compiler_playground.yml,.github/workflows/runtime_build_and_test.yml,31,26
compiler/packages/babel-plugin-react-compiler/src/HIR/HIR.ts,compiler/packages/babel-plugin-react-compiler/src/HIR/ObjectShape.ts,31,23
packages/react-client/src/ReactFlightPerformanceTrack.js,packages/react-reconciler/src/ReactFiberPerformanceTrack.js,31,22
compiler/packages/babel-plugin-react-compiler/src/HIR/Globals.ts,compiler/packages/babel-plugin-react-compiler/src/HIR/HIR.ts,31,22
packages/react-devtools-shared/src/__tests__/profilingCommitTreeBuilder-test.js,packages/react-devtools-shared/src/__tests__/store-test.js,31,19
packages/react-server-dom-turbopack/src/client/ReactFlightDOMClientEdge.js,packages/react-server-dom-webpack/src/__tests__/ReactFlightDOMEdge-test.js,31,16
packages/react-dom/src/__tests__/ReactDOMFizzStaticBrowser-test.js,packages/react-server-dom-webpack/src/__tests__/ReactFlightDOMBrowser-test.js,31,16
packages/react-server-dom-webpack/src/__tests__/ReactFlightDOMEdge-test.js,packages/react-server-dom-webpack/src/client/ReactFlightDOMClientEdge.js,31,16
packages/react-devtools-shared/src/backend/types.js,packages/react-devtools-shared/src/devtools/views/Components/InspectedElementView.js,31,16
packages/react-noop-renderer/src/createReactNoop.js,packages/react-reconciler/src/__tests__/ReactFiberHostContext-test.internal.js,31,16
packages/react-dom-bindings/src/server/ReactFizzConfigDOM.js,packages/react-server/src/ReactFizzServer.js,30,46
packages/react-dom-bindings/src/server/ReactFizzConfigDOM.js,packages/react-dom/src/__tests__/ReactDOMFizzStaticBrowser-test.js,30,20
packages/react-debug-tools/src/ReactDebugHooks.js,packages/react-reconciler/src/ReactInternalTypes.js,30,17
compiler/packages/babel-plugin-react-compiler/src/Inference/InferMutationAliasingEffects.ts,compiler/packages/babel-plugin-react-compiler/src/Inference/InferMutationAliasingRanges.ts,30,17
packages/react-reconciler/src/ReactFiberGestureScheduler.js,packages/react-test-renderer/src/ReactFiberConfigTestHost.js,30,17
packages/react-server-dom-parcel/src/client/ReactFlightDOMClientEdge.js,packages/react-server-dom-webpack/src/__tests__/ReactFlightDOMEdge-test.js,30,17
packages/react-server-dom-esm/src/client/ReactFlightDOMClientNode.js,packages/react-server-dom-webpack/src/__tests__/ReactFlightDOMEdge-test.js,30,17
.github/workflows/compiler_playground.yml,.github/workflows/runtime_commit_artifacts.yml,30,17
